文件路径,分类,贴纸文案,尺寸,色彩模式,SHA256前16位
00_风格确认版/01_等你回家.png,风格确认版,等你回家,1254x1254,RGB,3eb8f6730973e59d
00_风格确认版/02_回家吃饭.png,风格确认版,回家吃饭,1254x1254,RGB,7391b733961bbea6
00_风格确认版/03_喜欢.png,风格确认版,喜欢,1254x1254,RGB,e02e2bf82cc5e989
00_风格确认版/04_想你.png,风格确认版,想你,1254x1254,RGB,73edc63e484853ca
00_风格确认版/05_放心了.png,风格确认版,放心了,1254x1254,RGB,60aaa658a3054eb6
00_风格确认版/06_真好.png,风格确认版,真好,1254x1254,RGB,716f9f5fe59cc688
01_子女版/01_夸奖亲密类/01_天下第一棒.png,子女版/夸奖亲密类,天下第一棒！,1254x1254,RGB,fbafbe11dd99e552
01_子女版/01_夸奖亲密类/02_为你骄傲.png,子女版/夸奖亲密类,为你骄傲！,1254x1254,RGB,9541a40602fe7f85
01_子女版/01_夸奖亲密类/03_爱你么么哒.png,子女版/夸奖亲密类,爱你么么哒！,1254x1254,RGB,d8e14a48ecb3749a
01_子女版/01_夸奖亲密类/04_抱抱你.png,子女版/夸奖亲密类,抱抱你,1254x1254,RGB,0b7c09fecae5a126
01_子女版/01_夸奖亲密类/05_我也爱你呀.png,子女版/夸奖亲密类,我也爱你呀,1254x1254,RGB,e8c3c03ef955e35c
01_子女版/01_夸奖亲密类/06_我想你了.png,子女版/夸奖亲密类,我想你了,1254x1254,RGB,cdb2a2337f655b59
01_子女版/02_想念感谢祝福类/01_我也想你.png,子女版/想念感谢祝福类,我也想你,1254x1254,RGB,7ea621dedf7aad4b
01_子女版/02_想念感谢祝福类/02_谢谢.png,子女版/想念感谢祝福类,谢谢,1254x1254,RGB,76a77cee6a1dd3de
01_子女版/02_想念感谢祝福类/03_开心每一天.png,子女版/想念感谢祝福类,开心每一天,1254x1254,RGB,c6b7f92c72294e6c
01_子女版/02_想念感谢祝福类/04_幸福永绽放.png,子女版/想念感谢祝福类,幸福永绽放,1254x1254,RGB,845bfc92e738b46d
01_子女版/02_想念感谢祝福类/05_致敬.png,子女版/想念感谢祝福类,致敬,1254x1254,RGB,d5293daf82efe63b
01_子女版/02_想念感谢祝福类/06_叹为观止.png,子女版/想念感谢祝福类,叹为观止,1254x1254,RGB,0868eab8a6e37b99
01_子女版/03_生活关怀类/01_早点休息.png,子女版/生活关怀类,早点休息！,1254x1254,RGB,6369f076d210997a
01_子女版/03_生活关怀类/02_吃好喝好.png,子女版/生活关怀类,吃好喝好！,1254x1254,RGB,1677eff0f50b989f
01_子女版/03_生活关怀类/03_注意身体.png,子女版/生活关怀类,注意身体,1254x1254,RGB,ca7060378e2a4bfd
01_子女版/03_生活关怀类/04_辛苦啦.png,子女版/生活关怀类,辛苦啦~,1254x1254,RGB,f415aa3572a9c986
01_子女版/03_生活关怀类/05_爸妈最酷.png,子女版/生活关怀类,爸妈最酷！,1254x1254,RGB,780667e881342d4d
01_子女版/03_生活关怀类/06_给你比心.png,子女版/生活关怀类,给你比心❤️,1254x1254,RGB,9ffe0df770cdb24d
02_家长版/01_回应夸奖类/01_好的.png,家长版/回应夸奖类,好的,1254x1254,RGB,1972d9838db2d2f4
02_家长版/01_回应夸奖类/02_谢谢.png,家长版/回应夸奖类,谢谢,1254x1254,RGB,1edef08256aa574b
02_家长版/01_回应夸奖类/03_大大的赞.png,家长版/回应夸奖类,大大的赞！,1254x1254,RGB,aea8ee8cc0b5fb2b
02_家长版/01_回应夸奖类/04_爱你宝贝.png,家长版/回应夸奖类,爱你宝贝！,1254x1254,RGB,11d065e7e0b4c451
02_家长版/01_回应夸奖类/05_为你骄傲.png,家长版/回应夸奖类,为你骄傲！,1254x1254,RGB,f8191d1e162f5391
02_家长版/01_回应夸奖类/06_我宝最棒了.png,家长版/回应夸奖类,我宝最棒了！,1254x1254,RGB,1918de1037cc71b4
02_家长版/02_日常关怀类/01_开心每一天.png,家长版/日常关怀类,开心每一天,1254x1254,RGB,72660690714899cf
02_家长版/02_日常关怀类/02_想宝贝了.png,家长版/日常关怀类,想宝贝了,1254x1254,RGB,3d5bb359317e0d3d
02_家长版/02_日常关怀类/03_按时吃饭.png,家长版/日常关怀类,按时吃饭,1254x1254,RGB,901fd81366f4dab2
02_家长版/02_日常关怀类/04_幸福永绽放.png,家长版/日常关怀类,幸福永绽放,1254x1254,RGB,3415d04bf241807d
02_家长版/02_日常关怀类/05_别熬夜哦.png,家长版/日常关怀类,别熬夜哦！,1254x1254,RGB,b8a3682295075d61
02_家长版/02_日常关怀类/06_加油鸭.png,家长版/日常关怀类,加油鸭！,1254x1254,RGB,7d88df8749b7def4
02_家长版/03_支持鼓励类/01_累了就歇歇.png,家长版/支持鼓励类,累了就歇歇,1254x1254,RGB,9c65cbd245ea5741
02_家长版/03_支持鼓励类/02_永远支持你.png,家长版/支持鼓励类,永远支持你,1254x1254,RGB,fee3ede6d05a8794
02_家长版/03_支持鼓励类/03_真不错.png,家长版/支持鼓励类,真不错！,1254x1254,RGB,bc13adf6904946df
02_家长版/03_支持鼓励类/04_致敬.png,家长版/支持鼓励类,致敬,1254x1254,RGB,c11554fafa38c761
02_家长版/03_支持鼓励类/05_叹为观止.png,家长版/支持鼓励类,叹为观止,1254x1254,RGB,0868eab8a6e37b99
03_银发广场版/01_日常互动类/01_早上好呀.png,银发广场版/日常互动类,早上好呀☀️,1254x1254,RGB,d69db975d1a49734
03_银发广场版/01_日常互动类/02_晚安好梦.png,银发广场版/日常互动类,晚安好梦,1254x1254,RGB,54b94f7a363ba320
03_银发广场版/01_日常互动类/03_喝茶去.png,银发广场版/日常互动类,喝茶去🍵,1254x1254,RGB,97fd46e4344967e8
03_银发广场版/01_日常互动类/04_出门溜溜.png,银发广场版/日常互动类,出门溜溜？,1254x1254,RGB,594fd31501d701d2
03_银发广场版/01_日常互动类/05_老地方见.png,银发广场版/日常互动类,老地方见！,1254x1254,RGB,776687b7ea2ef9a9
03_银发广场版/02_才艺互动类/01_太有才了.png,银发广场版/才艺互动类,太有才了！,1254x1254,RGB,74520068958788b1
03_银发广场版/02_才艺互动类/02_老伙计真精神.png,银发广场版/才艺互动类,老伙计真精神！,1254x1254,RGB,12d6fdfb88521953
03_银发广场版/02_才艺互动类/03_舞姿优美.png,银发广场版/才艺互动类,舞姿优美💃,1254x1254,RGB,4ac22e56c5d2cd9d
03_银发广场版/02_才艺互动类/04_风采依旧.png,银发广场版/才艺互动类,风采依旧,1254x1254,RGB,4b12a055f427e63d
03_银发广场版/02_才艺互动类/05_绝对C位.png,银发广场版/才艺互动类,绝对C位！,1254x1254,RGB,3673578c14cb0548
03_银发广场版/03_祝愿类/01_身体倍儿棒.png,银发广场版/祝愿类,身体倍儿棒！,1254x1254,RGB,75fc886d82e75408
03_银发广场版/03_祝愿类/02_福寿安康.png,银发广场版/祝愿类,福寿安康,1254x1254,RGB,bb22ed1a26db5fae
03_银发广场版/03_祝愿类/03_友谊长存.png,银发广场版/祝愿类,友谊长存,1254x1254,RGB,e1ad7ff6f25bf898
03_银发广场版/03_祝愿类/04_乐活当下.png,银发广场版/祝愿类,乐活当下,1254x1254,RGB,cf4e20b21fe50d93
03_银发广场版/03_祝愿类/05_岁岁平安.png,银发广场版/祝愿类,岁岁平安,1254x1254,RGB,c666b1f5e0cc4890
