文件,原宽,原高,新宽,新高,crop_left,crop_top,crop_right,crop_bottom
00_风格确认版/01_等你回家.png,1254,1254,1158,1158,44,55,1201,1212
00_风格确认版/02_回家吃饭.png,1254,1254,1122,1122,64,86,1185,1207
00_风格确认版/03_喜欢.png,1254,1254,1214,1214,18,12,1231,1225
00_风格确认版/04_想你.png,1254,1254,1170,1170,40,40,1209,1209
00_风格确认版/05_放心了.png,1254,1254,1189,1189,28,36,1216,1224
00_风格确认版/06_真好.png,1254,1254,1144,1144,54,56,1197,1199
01_子女版/01_夸奖亲密类/01_天下第一棒.png,1254,1254,1191,1191,26,16,1216,1206
01_子女版/01_夸奖亲密类/02_为你骄傲.png,1254,1254,1175,1175,38,44,1212,1218
01_子女版/01_夸奖亲密类/03_爱你么么哒.png,1254,1254,1184,1184,34,42,1217,1225
01_子女版/01_夸奖亲密类/04_抱抱你.png,1254,1254,1164,1164,44,66,1207,1229
01_子女版/01_夸奖亲密类/05_我也爱你呀.png,1254,1254,1123,1123,64,78,1186,1200
01_子女版/01_夸奖亲密类/06_我想你了.png,1254,1254,1137,1137,56,73,1192,1209
01_子女版/02_想念感谢祝福类/01_我也想你.png,1254,1254,1163,1163,44,62,1206,1224
01_子女版/02_想念感谢祝福类/02_谢谢.png,1254,1254,1096,1096,79,96,1174,1191
01_子女版/02_想念感谢祝福类/03_开心每一天.png,1254,1254,1245,1245,4,9,1248,1253
01_子女版/02_想念感谢祝福类/04_幸福永绽放.png,1254,1254,1240,1240,6,14,1245,1253
01_子女版/02_想念感谢祝福类/05_致敬.png,1254,1254,1086,1086,82,88,1167,1173
01_子女版/02_想念感谢祝福类/06_叹为观止.png,1254,1254,1177,1177,44,44,1220,1220
01_子女版/03_生活关怀类/01_早点休息.png,1254,1254,1219,1219,15,34,1233,1252
01_子女版/03_生活关怀类/02_吃好喝好.png,1254,1254,1225,1225,14,29,1238,1253
01_子女版/03_生活关怀类/03_注意身体.png,1254,1254,1226,1226,12,28,1237,1253
01_子女版/03_生活关怀类/04_辛苦啦.png,1254,1254,1216,1216,19,29,1234,1244
01_子女版/03_生活关怀类/05_爸妈最酷.png,1254,1254,1214,1214,19,40,1232,1253
01_子女版/03_生活关怀类/06_给你比心.png,1254,1254,1226,1226,10,27,1235,1252
02_家长版/01_回应夸奖类/01_好的.png,1254,1254,1214,1214,19,21,1232,1234
02_家长版/01_回应夸奖类/02_谢谢.png,1254,1254,1208,1208,22,46,1229,1253
02_家长版/01_回应夸奖类/03_大大的赞.png,1254,1254,1182,1182,32,48,1213,1229
02_家长版/01_回应夸奖类/04_爱你宝贝.png,1254,1254,1216,1216,13,32,1228,1247
02_家长版/01_回应夸奖类/05_为你骄傲.png,1254,1254,1174,1174,36,63,1209,1236
02_家长版/01_回应夸奖类/06_我宝最棒了.png,1254,1254,1178,1178,34,51,1211,1228
02_家长版/02_日常关怀类/01_开心每一天.png,1254,1254,1172,1172,38,59,1209,1230
02_家长版/02_日常关怀类/02_想宝贝了.png,1254,1254,1139,1139,56,80,1194,1218
02_家长版/02_日常关怀类/03_按时吃饭.png,1254,1254,1109,1109,70,96,1178,1204
02_家长版/02_日常关怀类/04_幸福永绽放.png,1254,1254,1241,1241,2,13,1242,1253
02_家长版/02_日常关怀类/05_别熬夜哦.png,1254,1254,1202,1202,25,48,1226,1249
02_家长版/02_日常关怀类/06_加油鸭.png,1254,1254,1215,1215,17,26,1231,1240
02_家长版/03_支持鼓励类/01_累了就歇歇.png,1254,1254,1129,1129,62,82,1190,1210
02_家长版/03_支持鼓励类/02_永远支持你.png,1254,1254,1113,1113,68,79,1180,1191
02_家长版/03_支持鼓励类/03_真不错.png,1254,1254,1087,1087,82,96,1168,1182
02_家长版/03_支持鼓励类/04_致敬.png,1254,1254,1031,1031,110,126,1140,1156
02_家长版/03_支持鼓励类/05_叹为观止.png,1254,1254,1177,1177,44,44,1220,1220
03_银发广场版/01_日常互动类/01_早上好呀.png,1254,1254,1219,1219,19,35,1237,1253
03_银发广场版/01_日常互动类/02_晚安好梦.png,1254,1254,1169,1169,39,54,1207,1222
03_银发广场版/01_日常互动类/03_喝茶去.png,1254,1254,1114,1114,67,106,1180,1219
03_银发广场版/01_日常互动类/04_出门溜溜.png,1254,1254,1183,1183,36,46,1218,1228
03_银发广场版/01_日常互动类/05_老地方见.png,1254,1254,1241,1241,2,10,1242,1250
03_银发广场版/02_才艺互动类/01_太有才了.png,1254,1254,1184,1184,30,42,1213,1225
03_银发广场版/02_才艺互动类/02_老伙计真精神.png,1254,1254,1239,1239,8,14,1246,1252
03_银发广场版/02_才艺互动类/03_舞姿优美.png,1254,1254,1244,1244,0,10,1243,1253
03_银发广场版/02_才艺互动类/04_风采依旧.png,1254,1254,1185,1185,34,54,1218,1238
03_银发广场版/02_才艺互动类/05_绝对C位.png,1254,1254,1162,1162,42,50,1203,1211
03_银发广场版/03_祝愿类/01_身体倍儿棒.png,1254,1254,1242,1242,4,12,1245,1253
03_银发广场版/03_祝愿类/02_福寿安康.png,1254,1254,1250,1250,2,4,1251,1253
03_银发广场版/03_祝愿类/03_友谊长存.png,1254,1254,1188,1188,32,50,1219,1237
03_银发广场版/03_祝愿类/04_乐活当下.png,1254,1254,1228,1228,12,26,1239,1253
03_银发广场版/03_祝愿类/05_岁岁平安.png,1254,1254,1243,1243,4,11,1246,1253
